<metadata xml:lang="en"><Esri><CreaDate>20150302</CreaDate><CreaTime>12080200</CreaTime><ArcGISFormat>1.0</ArcGISFormat><SyncOnce>FALSE</SyncOnce><DataProperties><lineage><Process ToolSource="c:\esri\arcgis\desktop10.1\ArcToolbox\Toolboxes\Data Management Tools.tbx\CalculateField" Date="20140218" Time="143337" Name="" export="">CalculateField soils_ogooue_classification New_Name "Coastal Sedimentary Sand" VB #</Process><Process ToolSource="c:\esri\arcgis\desktop10.1\ArcToolbox\Toolboxes\Data Management Tools.tbx\CalculateField" Date="20140220" Time="105605" Name="" export="">CalculateField soils_ogooue_classification New_Class "Hyd" VB #</Process><Process ToolSource="c:\esri\arcgis\desktop10.1\ArcToolbox\Toolboxes\Data Management Tools.tbx\CalculateField" Date="20140220" Time="105627" Name="" export="">CalculateField soils_ogooue_classification New_Class "Hyd" VB #</Process><Process ToolSource="c:\esri\arcgis\desktop10.1\ArcToolbox\Toolboxes\Data Management Tools.tbx\CalculateField" Date="20140220" Time="105704" Name="" export="">CalculateField soils_ogooue_classification New_Class "Man" VB #</Process><Process ToolSource="c:\esri\arcgis\desktop10.1\ArcToolbox\Toolboxes\Data Management Tools.tbx\CalculateField" Date="20140220" Time="105738" Name="" export="">CalculateField soils_ogooue_classification New_Class "Css" VB #</Process><Process ToolSource="c:\esri\arcgis\desktop10.1\ArcToolbox\Toolboxes\Data Management Tools.tbx\CalculateField" Date="20140220" Time="105805" Name="" export="">CalculateField soils_ogooue_classification New_Class "San" VB #</Process><Process ToolSource="c:\esri\arcgis\desktop10.1\ArcToolbox\Toolboxes\Data Management Tools.tbx\CalculateField" Date="20140220" Time="105845" Name="" export="">CalculateField soils_ogooue_classification New_Class "Css" VB #</Process><Process ToolSource="c:\esri\arcgis\desktop10.1\ArcToolbox\Toolboxes\Data Management Tools.tbx\CalculateField" Date="20140220" Time="105905" Name="" export="">CalculateField soils_ogooue_classification New_Name "Coastal Sedimentary Sand" VB #</Process><Process ToolSource="c:\esri\arcgis\desktop10.1\ArcToolbox\Toolboxes\Data Management Tools.tbx\CalculateField" Date="20140222" Time="150729" Name="" export="">CalculateField soils_ogooue_classification New_Name "Coastal Sedimentary Sand" VB #</Process><Process ToolSource="c:\esri\arcgis\desktop10.1\ArcToolbox\Toolboxes\Data Management Tools.tbx\CalculateField" Date="20140222" Time="150753" Name="" export="">CalculateField soils_ogooue_classification New_Name ""
 VB #</Process><Process ToolSource="c:\esri\arcgis\desktop10.1\ArcToolbox\Toolboxes\Data Management Tools.tbx\CalculateField" Date="20140222" Time="151152" Name="" export="">CalculateField soils_ogooue_classification New_Name "X" VB #</Process><Process ToolSource="c:\esri\arcgis\desktop10.1\ArcToolbox\Toolboxes\Data Management Tools.tbx\CalculateField" Date="20140222" Time="151204" Name="" export="">CalculateField soils_ogooue_classification New_Name "X" VB #</Process><Process ToolSource="c:\esri\arcgis\desktop10.1\ArcToolbox\Toolboxes\Data Management Tools.tbx\CalculateField" Date="20140222" Time="152017" Name="" export="">CalculateField soils_ogooue_classification New_Class "" VB #</Process><Process ToolSource="c:\esri\arcgis\desktop10.1\ArcToolbox\Toolboxes\Data Management Tools.tbx\CalculateField" Date="20140222" Time="152151" Name="" export="">CalculateField soils_ogooue_classification New_Name "Ridgetop well-drained" VB #</Process><Process ToolSource="c:\esri\arcgis\desktop10.1\ArcToolbox\Toolboxes\Data Management Tools.tbx\CalculateField" Date="20140222" Time="153234" Name="" export="">CalculateField soils_ogooue_classification New_Name "Coastal sedimentary sand" VB #</Process><Process ToolSource="c:\esri\arcgis\desktop10.1\ArcToolbox\Toolboxes\Data Management Tools.tbx\CalculateField" Date="20140222" Time="153302" Name="" export="">CalculateField soils_ogooue_classification New_Name "Coastal sedimentary sand" VB #</Process><Process ToolSource="c:\esri\arcgis\desktop10.1\ArcToolbox\Toolboxes\Data Management Tools.tbx\CalculateField" Date="20140222" Time="153337" Name="" export="">CalculateField soils_ogooue_classification New_Name "Coastal sedimentary sand" VB #</Process><Process ToolSource="c:\esri\arcgis\desktop10.1\ArcToolbox\Toolboxes\Data Management Tools.tbx\CalculateField" Date="20140222" Time="153744" Name="" export="">CalculateField soils_ogooue_classification New_Name "Batéké sand" VB #</Process><Process ToolSource="c:\esri\arcgis\desktop10.1\ArcToolbox\Toolboxes\Data Management Tools.tbx\CalculateField" Date="20140222" Time="154139" Name="" export="">CalculateField soils_ogooue_classification New_Name "Calcareous soils" VB #</Process><Process ToolSource="c:\esri\arcgis\desktop10.1\ArcToolbox\Toolboxes\Data Management Tools.tbx\CalculateField" Date="20140222" Time="154708" Name="" export="">CalculateField soils_ogooue_classification New_Name "merge w A" VB #</Process><Process ToolSource="c:\esri\arcgis\desktop10.1\ArcToolbox\Toolboxes\Data Management Tools.tbx\CalculateField" Date="20140222" Time="154827" Name="" export="">CalculateField soils_ogooue_classification New_Name "merge w A" VB #</Process><Process ToolSource="c:\esri\arcgis\desktop10.1\ArcToolbox\Toolboxes\Data Management Tools.tbx\CalculateField" Date="20140222" Time="154943" Name="" export="">CalculateField soils_ogooue_classification New_Name "sandstone clays?" VB #</Process><Process ToolSource="c:\esri\arcgis\desktop10.1\ArcToolbox\Toolboxes\Data Management Tools.tbx\CalculateField" Date="20140222" Time="155343" Name="" export="">CalculateField soils_ogooue_classification New_Name "Francevillien sands" VB #</Process><Process ToolSource="c:\esri\arcgis\desktop10.1\ArcToolbox\Toolboxes\Data Management Tools.tbx\CalculateField" Date="20140222" Time="155939" Name="" export="">CalculateField soils_ogooue_classification New_Name "Francevillien sands" VB #</Process><Process ToolSource="c:\esri\arcgis\desktop10.1\ArcToolbox\Toolboxes\Data Management Tools.tbx\CalculateField" Date="20140222" Time="160059" Name="" export="">CalculateField soils_ogooue_classification New_Name "Ferralitic soils" VB #</Process><Process ToolSource="c:\esri\arcgis\desktop10.1\ArcToolbox\Toolboxes\Data Management Tools.tbx\CalculateField" Date="20140222" Time="160228" Name="" export="">CalculateField soils_ogooue_classification New_Name "Hydric soils" VB #</Process><Process ToolSource="c:\esri\arcgis\desktop10.1\ArcToolbox\Toolboxes\Data Management Tools.tbx\CalculateField" Date="20140222" Time="160348" Name="" export="">CalculateField soils_ogooue_classification New_Name "Mangrove hydric" VB #</Process><Process ToolSource="c:\esri\arcgis\desktop10.1\ArcToolbox\Toolboxes\Data Management Tools.tbx\CalculateField" Date="20140222" Time="162211" Name="" export="">CalculateField soils_ogooue_classification New_Name "Batéké and Wonga Wongué sand" VB #</Process><Process ToolSource="c:\esri\arcgis\desktop10.1\ArcToolbox\Toolboxes\Data Management Tools.tbx\CalculateField" Date="20140222" Time="162247" Name="" export="">CalculateField soils_ogooue_classification New_Name "Batéké and Wonga Wongué sand" VB #</Process><Process ToolSource="c:\esri\arcgis\desktop10.1\ArcToolbox\Toolboxes\Data Management Tools.tbx\CalculateField" Date="20140222" Time="164449" Name="" export="">CalculateField soils_ogooue_classification New_Name "Coastal sedimentary sand" VB #</Process></lineage><itemProps><itemLocation><linkage Sync="TRUE">file://\\GAB90-8LDDXZ1\C$\Users\gisgabon\Documents\TNC Gabon\Data\Atlas\March 2017\Final\Db_Shapefile\gb_geo_soil_reclass.shp</linkage><protocol Sync="TRUE">Local Area Network</protocol></itemLocation><itemName Sync="TRUE">gb_geo_soil_reclass</itemName><imsContentType Sync="TRUE">002</imsContentType><nativeExtBox><westBL Sync="TRUE">8.711170</westBL><eastBL Sync="TRUE">14.533735</eastBL><southBL Sync="TRUE">-3.941397</southBL><northBL Sync="TRUE">2.320230</northBL><exTypeCode Sync="TRUE">1</exTypeCode></nativeExtBox><itemSize Sync="TRUE">0.000</itemSize></itemProps><coordRef><type Sync="TRUE">Geographic</type><geogcsn Sync="TRUE">GCS_WGS_1984</geogcsn><csUnits Sync="TRUE">Angular Unit: Degree (0.017453)</csUnits><peXml Sync="TRUE">&lt;GeographicCoordinateSystem xsi:type='typens:GeographicCoordinateSystem' xmlns:xsi='http://www.w3.org/2001/XMLSchema-instance' xmlns:xs='http://www.w3.org/2001/XMLSchema' xmlns:typens='http://www.esri.com/schemas/ArcGIS/10.5'&gt;&lt;WKT&gt;GEOGCS[&amp;quot;GCS_WGS_1984&amp;quot;,DATUM[&amp;quot;D_WGS_1984&amp;quot;,SPHEROID[&amp;quot;WGS_1984&amp;quot;,6378137.0,298.257223563]],PRIMEM[&amp;quot;Greenwich&amp;quot;,0.0],UNIT[&amp;quot;Degree&amp;quot;,0.0174532925199433],AUTHORITY[&amp;quot;EPSG&amp;quot;,4326]]&lt;/WKT&gt;&lt;XOrigin&gt;-400&lt;/XOrigin&gt;&lt;YOrigin&gt;-400&lt;/YOrigin&gt;&lt;XYScale&gt;11258999068426.238&lt;/XYScale&gt;&lt;ZOrigin&gt;-100000&lt;/ZOrigin&gt;&lt;ZScale&gt;10000&lt;/ZScale&gt;&lt;MOrigin&gt;-100000&lt;/MOrigin&gt;&lt;MScale&gt;10000&lt;/MScale&gt;&lt;XYTolerance&gt;8.983152841195215e-009&lt;/XYTolerance&gt;&lt;ZTolerance&gt;0.001&lt;/ZTolerance&gt;&lt;MTolerance&gt;0.001&lt;/MTolerance&gt;&lt;HighPrecision&gt;true&lt;/HighPrecision&gt;&lt;LeftLongitude&gt;-180&lt;/LeftLongitude&gt;&lt;WKID&gt;4326&lt;/WKID&gt;&lt;LatestWKID&gt;4326&lt;/LatestWKID&gt;&lt;/GeographicCoordinateSystem&gt;</peXml></coordRef></DataProperties><ArcGISstyle>XTools Pro Metadata</ArcGISstyle><SyncDate>20170329</SyncDate><SyncTime>14344400</SyncTime><ModDate>20170329</ModDate><ModTime>14344400</ModTime><scaleRange><minScale>150000000</minScale><maxScale>5000</maxScale></scaleRange><ArcGISProfile>ItemDescription</ArcGISProfile></Esri><dataIdInfo><envirDesc Sync="TRUE">Microsoft Windows 7 Version 6.1 (Build 7601) Service Pack 1; Esri ArcGIS 10.5.0.6491</envirDesc><dataLang><languageCode value="fra" Sync="TRUE"/><countryCode value="FRA" Sync="TRUE"/></dataLang><idCitation><resTitle Sync="TRUE">gb_geo_soil_reclass</resTitle><presForm><PresFormCd value="005" Sync="TRUE"/></presForm></idCitation><spatRpType><SpatRepTypCd value="001" Sync="TRUE"/></spatRpType><dataExt><geoEle xmlns=""><GeoBndBox esriExtentType="search"><exTypeCode Sync="TRUE">1</exTypeCode><westBL Sync="TRUE">8.711170</westBL><eastBL Sync="TRUE">14.533735</eastBL><northBL Sync="TRUE">2.320230</northBL><southBL Sync="TRUE">-3.941397</southBL></GeoBndBox></geoEle></dataExt><idAbs>&lt;DIV STYLE="text-align:Left;"&gt;&lt;P&gt;&lt;SPAN&gt;Soil classes from the ORSTOM soils map (1981) reclassified into ten classes. Caution using these classes as the confidence in the underlying soils data is low due to lack of original field samples.&lt;/SPAN&gt;&lt;/P&gt;&lt;/DIV&gt;</idAbs></dataIdInfo><mdLang><languageCode value="fra" Sync="TRUE"/><countryCode value="FRA" Sync="TRUE"/></mdLang><distInfo><distFormat><formatName Sync="TRUE">Shapefile</formatName></distFormat><distTranOps><transSize Sync="TRUE">0.000</transSize></distTranOps></distInfo><mdHrLv><ScopeCd value="005" Sync="TRUE"/></mdHrLv><mdHrLvName Sync="TRUE">dataset</mdHrLvName><refSysInfo><RefSystem><refSysID><identCode code="4326" Sync="TRUE"/><idCodeSpace Sync="TRUE">EPSG</idCodeSpace><idVersion Sync="TRUE">6.14(3.0.1)</idVersion></refSysID></RefSystem></refSysInfo><spatRepInfo><VectSpatRep><geometObjs Name="gb_geo_soil_reclass"><geoObjTyp><GeoObjTypCd value="002" Sync="TRUE"></GeoObjTypCd></geoObjTyp><geoObjCnt Sync="TRUE">0</geoObjCnt></geometObjs><topLvl><TopoLevCd value="001" Sync="TRUE"></TopoLevCd></topLvl></VectSpatRep></spatRepInfo><spdoinfo><ptvctinf><esriterm Name="gb_geo_soil_reclass"><efeatyp Sync="TRUE">Simple</efeatyp><efeageom code="4" Sync="TRUE"></efeageom><esritopo Sync="TRUE">FALSE</esritopo><efeacnt Sync="TRUE">0</efeacnt><spindex Sync="TRUE">FALSE</spindex><linrefer Sync="TRUE">FALSE</linrefer></esriterm></ptvctinf></spdoinfo><eainfo><detailed Name="gb_geo_soil_reclass"><enttyp><enttypl Sync="TRUE">gb_geo_soil_reclass</enttypl><enttypt Sync="TRUE">Feature Class</enttypt><enttypc Sync="TRUE">0</enttypc></enttyp><attr><attrlabl Sync="TRUE">FID</attrlabl><attalias Sync="TRUE">FID</attalias><attrtype Sync="TRUE">OID</attrtype><attwidth Sync="TRUE">4</attwidth><atprecis Sync="TRUE">0</atprecis><attscale Sync="TRUE">0</attscale><attrdef Sync="TRUE">Internal feature number.</attrdef><attrdefs Sync="TRUE">Esri</attrdefs><attrdomv><udom Sync="TRUE">Sequential unique whole numbers that are automatically generated.</udom></attrdomv></attr><attr><attrlabl Sync="TRUE">Shape</attrlabl><attalias Sync="TRUE">Shape</attalias><attrtype Sync="TRUE">Geometry</attrtype><attwidth Sync="TRUE">0</attwidth><atprecis Sync="TRUE">0</atprecis><attscale Sync="TRUE">0</attscale><attrdef Sync="TRUE">Feature geometry.</attrdef><attrdefs Sync="TRUE">Esri</attrdefs><attrdomv><udom Sync="TRUE">Coordinates defining the features.</udom></attrdomv></attr><attr><attrlabl Sync="TRUE">Map_Units</attrlabl><attalias Sync="TRUE">Map_Units</attalias><attrtype Sync="TRUE">Integer</attrtype><attwidth Sync="TRUE">5</attwidth><atprecis Sync="TRUE">5</atprecis><attscale Sync="TRUE">0</attscale></attr><attr><attrlabl Sync="TRUE">AAclass</attrlabl><attalias Sync="TRUE">AAclass</attalias><attrtype Sync="TRUE">String</attrtype><attwidth Sync="TRUE">254</attwidth><atprecis Sync="TRUE">0</atprecis><attscale Sync="TRUE">0</attscale></attr><attr><attrlabl Sync="TRUE">New_Name</attrlabl><attalias Sync="TRUE">New_Name</attalias><attrtype Sync="TRUE">String</attrtype><attwidth Sync="TRUE">50</attwidth><atprecis Sync="TRUE">0</atprecis><attscale Sync="TRUE">0</attscale></attr><attr><attrlabl Sync="TRUE">Shape_Leng</attrlabl><attalias Sync="TRUE">Shape_Leng</attalias><attrtype Sync="TRUE">Double</attrtype><attwidth Sync="TRUE">19</attwidth><atprecis Sync="TRUE">0</atprecis><attscale Sync="TRUE">0</attscale></attr><attr><attrlabl Sync="TRUE">Shape_Area</attrlabl><attalias Sync="TRUE">Shape_Area</attalias><attrtype Sync="TRUE">Double</attrtype><attwidth Sync="TRUE">19</attwidth><atprecis Sync="TRUE">0</atprecis><attscale Sync="TRUE">0</attscale><attrdef Sync="TRUE">Area of feature in internal units squared.</attrdef><attrdefs Sync="TRUE">Esri</attrdefs><attrdomv><udom Sync="TRUE">Positive real numbers that are automatically generated.</udom></attrdomv></attr></detailed></eainfo><mdDateSt Sync="TRUE">20170329</mdDateSt></metadata>
